4.170220047025740007e-01,7.203244934421580981e-01,1.101057371129753992e+00
1.143748173448866368e-04,3.023325726318397688e-01,2.072299460115002365e-02
1.467558908171130438e-01,9.233859476879779926e-02,-1.434030728952084555e-01
1.862602113776709034e-01,3.455607270430477440e-01,6.269063059702961738e-02
3.967674742306699365e-01,5.388167340033569452e-01,1.029982520177529004e+00
4.191945144032948045e-01,6.852195003967594955e-01,8.143358577775933194e-01
2.044522497315174325e-01,8.781174363909454161e-01,7.848956844796042276e-01
2.738759319792616331e-02,6.704675101784022262e-01,1.013630100537027179e+00
4.173048023671269702e-01,5.586898284457516572e-01,1.068335625457926819e+00
1.403869385952337678e-01,1.981014890848787902e-01,6.085800501276962537e-02
8.007445686755366721e-01,9.682615757193975270e-01,-1.360979773904555934e-01
3.134241781592428389e-01,6.923226156693140787e-01,9.652990050888414775e-01
8.763891522960383096e-01,8.946066635038473214e-01,6.665899190285885789e-02
8.504421136977791118e-02,3.905478323288236187e-02,-1.535752208791891504e-01
1.698304195645689019e-01,8.781425034294131349e-01,1.008528298217914676e+00
9.834683383305009574e-02,4.211076250050521663e-01,2.133292693976544807e-02
9.578895301505019333e-01,5.331652849730170729e-01,9.237559690639651766e-02
6.918771139504733547e-01,3.155156310060629465e-01,7.546108069668733265e-01
6.865009276815836614e-01,8.346256718973729116e-01,1.449873270011062948e-02
1.828827734419180562e-02,7.501443149449674719e-01,1.201812185234036434e+00
9.888610889064947118e-01,7.481656543798393955e-01,-6.212073387910747174e-02
2.804439920644051787e-01,7.892793284514885155e-01,9.683760672367779376e-01
1.032260065776420266e-01,4.478935261759051656e-01,9.539922302183480307e-02
9.085955030930955578e-01,2.936141483736794955e-01,9.236857398917323048e-01
2.877753385863487390e-01,1.300285721182776744e-01,1.156954884598025146e-01
1.936695787029707461e-02,6.788355329398909621e-01,1.054053316124461182e+00
2.116281160000590411e-01,2.655466593722262125e-01,-1.574073425133733772e-01
4.915731592803382899e-01,5.336254511708038439e-02,1.005934176797257384e-02
5.741176054920130722e-01,1.467285749058101496e-01,8.541018041013022088e-01
5.893055369032842439e-01,6.997583600209311694e-01,9.525478184314950525e-02
1.023344288278258407e-01,4.140559878195683163e-01,-1.680674472771311878e-01
6.944001577277451043e-01,4.141792695269026492e-01,8.188246285280861292e-01
4.995345894608715920e-02,5.358964059155115756e-01,8.862695588725887363e-01
6.637946452197888147e-01,5.148891120583085623e-01,-8.030726661534776101e-02
9.445947559908133284e-01,5.865550405019929192e-01,1.314940787518026066e-01
9.034019152878834946e-01,1.374747041462375252e-01,9.981742464825953398e-01
1.392763472507585476e-01,8.073912887095238133e-01,1.029100454237039219e+00
3.976768369855335772e-01,1.653541971169327773e-01,1.074899748545103395e-01
9.275085803960338993e-01,3.477658597455065559e-01,9.302190099873269835e-01
7.508121031361555398e-01,7.259979853504514580e-01,-5.783257170197853014e-02
8.833060912058098291e-01,6.236722070556088848e-01,-8.474525378497120565e-02
7.509424340273371801e-01,3.488983419778425299e-01,1.078490464738737220e+00
2.699278917650260734e-01,8.958862181960668414e-01,1.163327620957903763e+00
4.280911898712949082e-01,9.648400471483855600e-01,1.025874249431226515e+00
6.634414978184480782e-01,6.216957202091217827e-01,-6.232799937115168082e-02
1.147459729533751860e-01,9.494892587070712375e-01,9.479638972863304591e-01
4.499121334799405236e-01,5.783896143871317674e-01,8.887685709793591293e-01
4.081368027612811700e-01,2.370269802430277073e-01,7.311453695585633239e-02
9.033795205622537905e-01,5.736794866722858544e-01,-1.062928762372351010e-01
2.870327031158970144e-03,6.171449136207238784e-01,9.745366934534397396e-01
3.266449017720961523e-01,5.270581022576092955e-01,8.831038655200766918e-01
8.859420993107745002e-01,3.572697600024997699e-01,8.100536900378549898e-01
9.085351509197991948e-01,6.233601157918027269e-01,-2.539955403305674264e-01
1.582124284655628266e-02,9.294372337437613041e-01,9.110038489678963236e-01
6.908969175169239474e-01,9.973228504514805026e-01,2.180784977861691815e-02
1.723405083453285469e-01,1.371357496288777567e-01,-3.178155663147815002e-02
9.325954630371635634e-01,6.968181614899001675e-01,-2.235748874552202781e-02
6.600017272206248897e-02,7.554630526024663784e-01,8.928620119613299710e-01
7.538761884612463771e-01,9.230245355464833379e-01,-9.316815621596365171e-02
7.115247586284717540e-01,1.242709619721646952e-01,8.932297657105645605e-01
1.988013383979558846e-02,2.621098687771927782e-02,2.112336611600396097e-02
2.830648802079460680e-02,2.462110676030458967e-01,2.047654837143558226e-01
8.600279486828880104e-01,5.388310643416528434e-01,-1.363725097564988734e-02
5.528219786857658802e-01,8.420308923596057094e-01,-1.369280405213324503e-01
1.241733151199111429e-01,2.791836790111394961e-01,1.272623331294494287e-01
5.857592714582878779e-01,9.695957483196745441e-01,-9.985664147892049647e-02
5.610302192557099499e-01,1.864728937294302114e-02,1.055753264137732073e+00
8.006326726806163308e-01,2.329742738410204295e-01,9.557344590329847067e-01
8.071051956187791365e-01,3.878606440641717557e-01,1.008108320579792494e+00
8.635418545594286677e-01,7.471216427371846214e-01,3.432663431795559550e-01
5.562402339904188864e-01,1.364552256606850200e-01,9.252473731420399750e-01
5.991768951221165818e-02,1.213434557407373493e-01,-5.866804396974559938e-02
4.455187854476172493e-02,1.074941291060929061e-01,3.752354511025760009e-02
2.257093386078546926e-01,7.129889803826766626e-01,9.978053236168727969e-01
5.597169820541424423e-01,1.255598015911585374e-02,9.593929098804511169e-01
7.197427968948677535e-02,9.672763300002720221e-01,9.311592456831407905e-01
5.681004619199421235e-01,2.032932346609904739e-01,1.059049386620030564e+00
2.523257445703234181e-01,7.438258540750929404e-01,1.107737656762638245e+00
1.954294811093187922e-01,5.813589272732577751e-01,9.047915928351180082e-01
9.700199890883123288e-01,8.468288014900352545e-01,-1.136433101317695649e-01
2.398477591475861592e-01,4.937697142687299534e-01,1.829906238047157019e-01
6.199557183813797501e-01,8.289808995501787292e-01,-1.425156172262379839e-01
1.567913946460842700e-01,1.857620217740951762e-02,7.153334491047734500e-02
7.002214371922232949e-02,4.863451109370318104e-01,4.391273732188018947e-02
6.063294616533303483e-01,5.688514370864813374e-01,-1.102969548924371823e-01
3.173624093221607545e-01,9.886161544124488776e-01,1.075949359299509300e+00
5.797452192457969167e-01,3.801411726235504052e-01,8.896783653726914043e-01
5.509482191178968202e-01,7.453344309065020878e-01,-1.089551098463041739e-01
6.692328934531845963e-01,2.649195576628093907e-01,8.610449761529483936e-01
6.633483442844156919e-02,3.700841979141062943e-01,8.342832052517575037e-02
6.297175070215644821e-01,2.101740099148395879e-01,9.550654152447606293e-01
7.527555537388138651e-01,6.653648135411494025e-02,1.108525132036994432e+00
2.603150985785409599e-01,8.047545637433454191e-01,9.189859969356291014e-01
1.934342826233277357e-01,6.394608808799401301e-01,1.061466258612535629e+00
5.246703091237336913e-01,9.248079703993506984e-01,1.407410594657887981e-01
2.632967704871109760e-01,6.596109068402378206e-02,-8.601351309313744892e-03
7.350659632886694661e-01,7.721780295432467689e-01,-1.125452746250198699e-01
9.078158525035240345e-01,9.319720691968372828e-01,-3.425709423123788483e-02
1.395157297559701526e-02,2.343620861214205098e-01,1.256737470881332530e-01
6.167783570016576178e-01,9.490163206876164326e-01,7.390938362426234531e-02
9.501761192470796757e-01,5.566531881951564120e-01,-3.859880935287451215e-02
9.156063497662745299e-01,6.415662089463375350e-01,-1.744372374553892213e-01
3.900077141412462423e-01,4.859906670969097453e-01,7.155367850567183330e-02
6.043104829199732464e-01,5.495479215085625757e-01,1.630906254080374540e-01
9.261814267064536477e-01,9.187334356336060992e-01,1.648594077051084572e-01
3.948756129235548862e-01,9.632625284407118071e-01,1.043279019963453846e+00
1.739556666804643603e-01,1.263295194396373278e-01,-1.910291713996077612e-02
1.350791580467313180e-01,5.056621656768967021e-01,9.213878729759832353e-01
2.152480527419797784e-02,9.479702112176809914e-01,9.427398182689366024e-01
8.271154711707324747e-01,1.501898074212237866e-02,8.350249695985327847e-01
1.761962555750552495e-01,3.320635743668369777e-01,2.134551558912664293e-01
1.309968448109168904e-01,8.094906921265820898e-01,9.973035610716970423e-01
3.447366526832934541e-01,9.401074823333671615e-01,1.238440513846787772e+00
5.820141799470800459e-01,8.788319844118440693e-01,-7.449741537318714871e-03
8.447344453922218666e-01,9.053923187086492241e-01,-1.618317931609975779e-01
4.598802658168069657e-01,5.463468160203732715e-01,1.186156510227748928e+00
7.986035911520393826e-01,2.857188517341475720e-01,9.140172976132494576e-01
4.902535226199277174e-01,5.991103076458783594e-01,9.562091788984511398e-01
1.553327555083572342e-02,5.934814081966371946e-01,1.164855108999560684e+00
4.336763489894582824e-01,8.073605288848414441e-01,1.145877321076627098e+00
3.152448030953729496e-01,8.928887085251513422e-01,7.973793584166140036e-01
5.778572152845354859e-01,1.840102016274650643e-01,1.000105476994182618e+00
7.879292338255042827e-01,6.120311770449339273e-01,-1.089535005101476828e-01
5.390927207375295627e-02,4.201936800011322193e-01,5.391382220705605299e-02
6.790688365654296010e-01,9.186017779775258463e-01,1.812177091595016942e-01
4.020248913574331340e-04,9.767591490310596480e-01,9.482510177538024942e-01
3.765803147457744693e-01,9.737835383583225424e-01,1.149322280065405266e+00
6.047161009740530391e-01,8.288458079806929613e-01,-9.286442753793525129e-02
5.747115047081022832e-01,6.280761983073503973e-01,2.172270515821457804e-01
2.855762816956939343e-01,5.868333406560829468e-01,9.174346109069467792e-01
7.500217637026599382e-01,8.583138364290423539e-01,-4.633379678363312021e-02
7.550821884676801599e-01,6.980572484473029915e-01,2.969573677573096940e-02
8.644794300545998178e-01,3.226809968367464476e-01,8.599405553331349594e-01
6.707887907875872413e-01,4.508739364133491634e-01,1.154960885321126174e+00
3.821027520315172232e-01,4.108113499221855980e-01,-1.070016904129110352e-01
4.014795834695406018e-01,3.173839459582769029e-01,6.139515640798220292e-02
6.219193679203014469e-01,4.302472708212643493e-01,8.710869960525079447e-01
9.738020779272522631e-01,6.778008914343111035e-01,1.097829461123511589e-02
1.985698884271108744e-01,4.267010093480327892e-01,-1.052617542101480941e-03
3.433462397744230232e-01,7.976388039585665668e-01,9.611759093010793231e-01
8.799982885634317631e-01,9.038419558263719455e-01,4.892191937564924903e-02
6.627198123752622294e-01,2.702082620297577842e-01,8.883167742763750097e-01
2.523667015045897299e-01,8.548979426974023799e-01,1.152186576666749840e+00
5.277146463087466488e-01,8.021610840045980684e-01,2.024473569139789014e-02
5.724885171916063165e-01,7.331425252875111154e-01,-2.791444037921832488e-01
5.190116274640558247e-01,7.708839105018879811e-01,2.005561575887981063e-01
5.688579907047155437e-01,4.657098785919808748e-01,1.045271362223636258e+00
3.426889079532817739e-01,6.820934841670411863e-02,1.553565221562106802e-01
3.779241793280998518e-01,7.962607769825236215e-02,-1.769365572253719238e-02
9.828171137304450022e-01,1.816128513307637693e-01,7.737384673654396083e-01
8.118586977205397570e-01,8.749616449558981213e-01,-4.197178699128385065e-02
6.884132523859433084e-01,5.694944127453757110e-01,-1.226069961239716344e-01
1.609714368156087705e-01,4.668800227633063127e-01,-3.848246228477961856e-03
3.451720511552149873e-01,2.250399578140845902e-01,-4.827268623655486118e-02
5.925118687657967564e-01,3.122698377019169635e-01,1.020901228007003558e+00
9.163055534683507419e-01,9.096355249515570840e-01,-1.764408080630717746e-01
2.571182937821961945e-01,1.108913007440291976e-01,5.378240442707992938e-03
1.929627320191128481e-01,4.995841706788860526e-01,-4.595818331723680594e-02
7.285856679745962294e-01,2.081944384087914823e-01,1.063350887077859408e+00
2.480335583772307340e-01,8.516718749363669794e-01,8.307697451149614887e-01
4.158487182675273397e-01,6.166850671552361884e-01,9.574929024244414055e-01
2.336661392392500591e-01,1.019672594257974296e-01,1.658399339807926365e-01
5.158570169685298135e-01,4.771409870497823613e-01,8.818937102262203176e-01
1.526716440931632501e-01,6.218062317404154937e-01,1.073805368535930338e+00
5.440101188139381261e-01,6.541373469707443267e-01,1.330506115194856898e-01
1.445455401246598104e-01,7.515278171352438585e-01,9.989910231643471805e-01
2.220491397999226901e-01,5.193518243660329992e-01,1.098851064221914031e+00
7.852960282216189247e-01,2.233042799180617877e-02,1.104143963437714371e+00
3.243624597261864917e-01,8.729223764001110553e-01,1.156975550991219404e+00
8.447096076020695898e-01,5.384405925945436877e-01,-3.678322013658868322e-02
8.666082741665129818e-01,9.498059913536265331e-01,-1.122990833873398729e-02
8.264069976293413333e-01,8.541154438365387014e-01,8.041228510204734281e-02
9.874340182034835323e-02,6.513043323409910546e-01,9.254355950329765657e-01
7.035169881526529556e-01,6.102408126466296601e-01,4.805070666646386358e-03
7.996152617360280379e-01,3.457121987163425114e-02,9.301429337950145593e-01
7.702387345549799313e-01,7.317286007395269465e-01,-2.329041122427005783e-01
2.596983932983530918e-01,2.570692988221466857e-01,3.349151437670593728e-02
6.323033174301277981e-01,3.452974615910815448e-01,1.170243004690794120e+00
7.965886780072874984e-01,4.461462320034572659e-01,9.627935318990039626e-01
7.827494147841719263e-01,9.904717836238406958e-01,8.429739091029076967e-03
3.002483395339000660e-01,1.430058282580993767e-01,-4.531049513779335930e-02
9.013084363492738227e-01,5.415593788873732661e-01,-7.409633426063587380e-02
9.747403708550822499e-01,6.366044000018972193e-01,1.361044638854739565e-02
9.939130246104789235e-01,5.460708041429516157e-01,1.072931097996793759e-01
5.264259339055212816e-01,1.354279030721698973e-01,1.221584333584791793e+00
3.557051709838811027e-01,2.621856729637328520e-02,8.264765570684348694e-02
1.603951795196491004e-01,7.456371927074960659e-01,9.038636197438545405e-01
3.039968992878883114e-02,3.665430972437443424e-01,-1.427015628711627016e-01
8.623462528380441139e-01,6.926777175073542958e-01,1.306830585767448094e-01
6.909421420661685520e-01,1.886368009553108793e-01,1.031671499153867355e+00
4.419042807484233615e-01,5.815774073442911973e-01,9.389536756557582686e-01
9.897517076637052380e-01,2.039062252331218517e-01,8.943827863594191463e-01
2.477329017623548513e-01,2.621730837729119301e-01,-8.077223666950639203e-02
7.501724132979927795e-01,4.569753274356928019e-01,1.123342490929926329e+00
5.692943841109499026e-02,5.085162406102395893e-01,9.977640627977151233e-01
2.119601646436759523e-01,7.986042447602101912e-01,8.599530022875599977e-01
2.973313815072722299e-01,2.760601195450362866e-02,8.725789897317252908e-02
5.934324494646210368e-01,8.438404289311888240e-01,3.101025961317004087e-02
3.810161240622141898e-01,7.498583107261433955e-01,9.708867829205661826e-01
5.111414782971281934e-01,5.409518049621886426e-01,6.077152484722893322e-02
9.594343210617524154e-01,8.039608914986468013e-01,-8.276839572730029793e-02
3.232306662357398164e-02,7.093872512312950906e-01,1.096390459744195800e+00
4.650014815635060694e-01,9.475489413950998197e-01,8.575139098345633260e-01
2.214327343234883116e-01,2.670720196843657801e-01,-9.034427263594960178e-02
8.147396487726199510e-02,4.286188286637865330e-01,-1.376883041005871611e-01
1.090187640190682927e-01,6.337867606119178543e-01,9.583440940126098928e-01
8.029632373737378703e-01,6.968004961201784697e-01,-7.574510334031589465e-02
7.662113810757704702e-01,3.424541198435198108e-01,9.637354081232575309e-01
8.458514830276776530e-01,4.287687749994425479e-01,1.000476783177631335e+00
8.240098704123187678e-01,6.264961586242937530e-01,5.542525399087611104e-02
1.434230486702449126e-01,7.838689985494795565e-02,1.465320727650737224e-02
1.833264291300729099e-02,6.672499763935646477e-02,2.518597032535033892e-02
4.585838137084318200e-01,1.133419227675904750e-01,1.604323943116341133e-01
2.778334884866995314e-02,7.548614813904673815e-01,9.733509439093909199e-01
3.948504804606394192e-01,7.469384956075251214e-01,8.541664060636036115e-01
4.524048267464515494e-01,4.500867470007611226e-01,9.513818124799459930e-02
4.780725067178309695e-01,4.740039265621940334e-01,1.835869545539928760e-01
8.031633421141696205e-01,4.023925198577358309e-01,1.018728869413965565e+00
9.046861603436230359e-01,3.706104795403586394e-02,1.083953422278621570e+00
7.738743427204186620e-01,1.256413811377388168e-01,9.344383312853653534e-01
6.185135669120854773e-01,1.036426133523193904e-02,1.018567535375888511e+00
5.386272825763469552e-01,3.017956619596362522e-03,1.063702531879485935e+00
9.511937854902045020e-01,9.054020337027780529e-01,3.785755767958286916e-02
7.959669419422693570e-01,9.152743199147874709e-01,-5.396976528131851997e-02
1.455582311583970556e-01,1.577300698705332849e-01,1.630629792139036416e-01
1.876316729024339880e-01,6.224959022999211333e-01,1.017281608410365967e+00
9.058094960083018510e-01,9.899551783590736509e-01,9.301982055403866523e-02
7.111224587658159235e-01,7.318004091422952717e-01,4.057789866285496649e-02
9.092932045442544409e-01,4.008737323711208944e-01,1.087367422266700467e+00
2.498506802250367587e-01,1.734301707871228615e-01,9.332532965859972884e-02
1.194570503337289979e-01,8.126105880328287068e-01,9.783844850600468268e-01
1.467923734172431605e-01,2.642974827269006788e-01,8.336788128625254035e-02
8.190891786335308122e-01,3.105872517942099842e-01,1.216045572685927834e+00
9.824174492929428348e-01,2.666387021516352096e-01,1.199899201389710957e+00
5.336533449712114185e-01,3.144670111858496320e-01,1.076404142004811160e+00
9.107728311738374494e-01,3.665566438512344316e-01,1.168725522315520182e+00
4.335923272731645461e-01,5.122926922783613835e-01,8.692028656336312498e-01
9.388864773697133126e-01,3.094900627115071412e-02,1.147239630672856947e+00
7.168786636316891725e-01,8.910189542923389050e-01,7.487609788866709040e-03
2.728722351746881714e-02,5.220512472525107306e-01,8.213064596220218672e-01
3.259898117700252840e-01,8.594893208655858263e-01,1.016521058652925413e+00
5.585165509225178404e-01,6.902278681627478374e-01,9.762962980812675551e-02
4.528534999515374526e-01,6.283090375213571388e-01,9.303972328703844497e-01
2.900968516874258274e-01,9.348577966515780879e-03,1.937131580624310567e-01
5.767559349870907681e-01,3.114442141324628155e-01,1.134922767826270995e+00
5.172675985011297994e-01,9.164058530538977676e-01,-1.275113864670163188e-01
4.264747885013959738e-01,2.473960366023854052e-01,1.009090262672150407e-01
3.712937612790544462e-01,9.318611166365405873e-01,1.011197268749652878e+00
9.368683813090936674e-01,8.443299485657131953e-01,-5.516802438110113282e-02
9.202065143056604724e-01,2.279002899513169478e-01,9.683368357414540162e-01
8.748220955359087281e-02,2.273097362846887570e-01,-4.449950027159164240e-02
3.143766161140504334e-01,1.747658763563115780e-01,-1.216271022582139233e-01
6.070941619724604665e-01,4.135864150011613338e-01,9.551676893277417646e-01
8.163515118272141047e-01,1.851303982690306604e-01,1.069268891163451363e+00
7.018765297563104300e-01,2.403556248491388603e-01,1.142594202749755095e+00
5.742190888408597038e-01,3.489875972207888699e-01,1.145833833675249380e+00
5.696439948283271715e-02,2.288136709603758590e-01,-5.733607292571279990e-02
6.641025553547934557e-01,4.972500933605312756e-01,9.882752322870440587e-01
5.190159840736787711e-01,1.747201501089225006e-01,9.140628683082123729e-01
5.707158515462563697e-01,9.967534252082099755e-01,1.030002488566710839e-01
8.168351087916219111e-01,5.943726238309777754e-01,-1.648152918607602990e-01
9.759890683309049297e-01,9.015625846693212653e-01,-1.363276557045136894e-01
5.956079336026455229e-01,3.242632531445710509e-02,9.364153301416291431e-01
9.357709581748074879e-02,6.537171504222638596e-02,2.514734444712018666e-02
4.517331486914752947e-01,3.754348331678577511e-01,-3.211479800532944517e-02
9.753500342702865478e-01,1.679832931996149137e-01,1.003306390572946016e+00
9.727875919326551823e-01,7.674748688630130822e-01,4.753462216510061580e-03
8.242378396244978145e-01,6.326158167779972752e-01,2.332797270560418856e-02
6.687327702067320523e-01,4.768823335211933578e-01,8.965537018800051605e-01
1.313635692307224545e-02,3.530060855418247767e-01,-3.393597705812716886e-02
4.920718014935584472e-01,7.300912110901043306e-01,1.057761233577171334e+00
4.686283427461092055e-01,4.574049160894316790e-01,2.802291557156670609e-02
1.376627409456031570e-01,1.088873380347898934e-02,1.093306633017330498e-01
7.582782604769962020e-01,3.199528380776783809e-01,9.253775724586711382e-01
9.843834501935107006e-01,2.202342261591559991e-01,1.090626141341860311e+00
3.387080254816796643e-01,5.238961356661316904e-01,1.146662474027271506e+00
7.548914570605327334e-01,4.638577839002956393e-01,9.857409708170354889e-01
1.248225431116762874e-01,3.125013784920495086e-01,2.659301443682517141e-02
5.045191697009946408e-01,6.738490080168676455e-01,2.251894342996509091e-02
7.701499563120921543e-01,1.303357809543542745e-01,1.053567058936981882e+00
2.291513132238176542e-02,5.190823222119894664e-01,1.038792111490031811e+00
8.099887106624162891e-01,1.260376702987631159e-02,1.146948770780639615e+00
6.724698446537339391e-01,6.868082266569918160e-01,5.133649356131810004e-02
4.492467535866375705e-01,9.147886867419342538e-01,1.086450170352256217e+00
6.443610847569929412e-01,5.239837651465850676e-03,1.033152673050070858e+00
4.844284455143755830e-01,8.593178060976000010e-01,8.958229717978711815e-01
8.303995700373394406e-01,6.491541971124779042e-01,4.333603521044893103e-02
6.736984238986316598e-01,5.784995797892005243e-01,-2.299560226458877837e-02
2.741197751668521532e-01,5.605299905360587864e-01,9.364912580852803314e-01
6.717297848174202946e-01,3.524296302164088290e-01,9.105629356191107249e-01
8.558283672539277465e-01,1.950374860087072948e-01,9.929602919425322138e-01
7.473208103319232132e-01,2.896027461868774244e-01,9.392535898067237987e-01
7.737992872441820102e-01,4.277373293360762219e-01,1.203967226570662463e+00
8.076984091122094700e-01,3.535348626679903905e-01,1.159677189802165165e+00
2.136932376295811453e-01,7.672845084217665423e-01,9.733069704350255646e-01
3.086419476306511145e-01,7.332450677264275019e-01,1.070915717187305161e+00
7.444731530777320971e-01,2.213967009082010717e-01,1.115696249705823151e+00
2.141121368206484465e-01,1.989479234270666863e-01,-1.728393718954730762e-02
1.425183377658446604e-01,3.770825992073341126e-01,1.848233367967901664e-01
2.662788469162147287e-02,1.109203690342406290e-01,9.221103681405612429e-02
6.745640237634105141e-01,7.997765368973862588e-01,-1.017091137611485577e-02
8.052952712838590266e-02,2.317023104857920401e-01,-1.799299129551386323e-01
2.076256618038143653e-01,9.173335630816306097e-01,9.034044791767509297e-01
7.113145181364867176e-01,5.538846110514142884e-01,3.186925427804650907e-02
3.045179879206202367e-01,8.348540476317984904e-01,9.561736050979168233e-01
4.353059576295199573e-01,9.234562151187751811e-01,9.979246738401575945e-01
7.060518043359331752e-01,4.780313079652833697e-01,9.212686458031688064e-01
1.262101037493587041e-01,9.760435504677476004e-01,1.024692273113875673e+00
1.598336503440933587e-01,2.026021252196625877e-01,-4.583020380047547054e-02
4.311817551603709386e-01,4.042019057751472522e-01,-1.552705874771751204e-01
1.467514807642941177e-01,7.293189193611233634e-01,9.658356748701290018e-01
1.887450668771859519e-01,6.438956443116627959e-01,9.427974112786905447e-01
7.543059505762986783e-01,2.107323920833207298e-01,8.448342360808182017e-01
6.009542481076399767e-01,7.489283752458364418e-01,1.423177186325767229e-01
6.382187106203334181e-01,5.971273029466490634e-01,-7.605096615502984075e-03
2.954822856554970567e-01,7.316064712415087934e-01,9.673133921284454706e-01
9.453084399999497345e-01,4.255613902615469346e-01,1.075037481149249796e+00
7.821818168314053077e-01,5.614103966191530404e-02,9.917404761038324246e-01
8.352716024899659031e-01,1.922500168221477068e-01,1.076729362648741750e+00
3.950968688899731962e-01,3.000810459253564488e-01,-1.480654619280267204e-01
8.010364380604928503e-02,9.046310029362428784e-01,8.963344132438196832e-01
3.701541775537382506e-01,5.306974384761394825e-01,1.054522759098484475e+00
4.941162658963250687e-01,1.321611419429381540e-01,1.491897360895257652e-01
2.064540588894330231e-01,7.618880903232116975e-02,3.001152617167573977e-03
5.079216999452874637e-01,2.615495518329871150e-01,1.021643426434926560e+00
3.570616088827919254e-01,1.080653286972368399e-01,-8.234439041933590275e-02
7.875518396525071907e-01,1.065838767888011018e-01,9.970064123164750214e-01
9.857088237131877984e-01,1.771611644384173401e-01,9.291063286359424467e-01
5.724051124346493102e-01,4.484533458908812609e-02,9.839761884210310727e-01
7.871162896558341338e-01,1.896059478182965385e-01,1.072228012363471539e+00
5.279039784081266395e-01,7.400775431590715936e-01,-1.998763944173334861e-01
1.499314849172559416e-01,5.510871741869717289e-01,1.021302572639485540e+00
2.166172083287793981e-01,7.591960493171446833e-01,9.195458414646557888e-01
7.229151935562136977e-01,1.765490342770830168e-01,9.353417784618613950e-01
8.619665576670734186e-01,1.977509951634426333e-02,1.113817276928107836e+00
8.602369974231152128e-01,5.589038111609383463e-01,2.954396646586393560e-02
4.032204721058492147e-01,7.587469310223365904e-01,1.093362962820888518e+00
7.169290016924698694e-01,9.873261748084265488e-01,-1.763774715751290634e-01
2.780850486129827770e-01,3.793672409342585539e-03,-4.102168192716659778e-02
9.339026083148878055e-01,8.578971045378938065e-01,-4.536671247229996651e-02
7.288508775192559241e-01,5.166887829215384143e-01,-5.894296712511074010e-02
7.069562452487609949e-01,7.805295568767427472e-01,4.402345043802239483e-02
3.748759435368593795e-01,7.703225253299575970e-01,1.089592148117095372e+00
7.506243191751753585e-01,6.132112115442597267e-01,-1.106778869881453881e-01
4.018659239678373796e-01,6.973080192643409392e-01,9.037337435620005355e-01
3.112857825192105743e-03,7.748966467245977929e-01,8.748042567592673180e-01
8.964166024568469560e-01,2.393157074375046323e-01,1.114760667460677146e+00
1.207671843092297248e-01,2.202839877937275981e-01,-5.147349220683211657e-02
3.020967312900982860e-01,8.830285085638341913e-01,9.898619218799284969e-01
5.431664302380945220e-01,2.867116496064305853e-01,9.667789320589580404e-01
1.383546897929465169e-01,2.901444631045416722e-01,-9.636565849010378382e-02
6.138710897412525958e-01,3.241385298974466256e-01,1.037326097365044442e+00
4.573601816909984574e-01,4.441171070166144430e-01,3.830268697572058317e-02
8.281353607315120602e-01,4.263481542362306254e-01,1.094132558454953941e+00
3.456988211755023244e-01,6.749716048091052301e-01,9.774579917641921245e-01
2.214820557335287488e-01,4.672458239265537827e-01,-2.970874212238873435e-02
3.147656873240164410e-01,6.268556021628346464e-01,9.414478253222287041e-01
8.773604746948125976e-01,4.476890001456285129e-01,1.148814156677307574e+00
7.844574187919231001e-01,4.569657005615503920e-01,1.100756698539812506e+00
6.562293317171313811e-01,1.318409750275021386e-01,9.959614792116384674e-01
4.329815069676481443e-01,9.093119886549366759e-01,1.064897360602004905e+00
6.054790010309346604e-01,7.667745872371021232e-01,-5.858437473736149287e-02
5.047006080958943430e-01,4.980556248280074705e-01,1.205447476198530765e+00
8.428998401928499140e-01,6.780693434095375061e-02,9.408433749733273732e-01
5.732722715496846311e-01,9.427625754329492791e-01,-3.796889554502468761e-02
5.178600481723218962e-01,1.944658095278845034e-01,9.628968482105192406e-01
8.479393924434761587e-01,2.516391423558528295e-01,1.170123496534307694e+00
7.007260364825379506e-01,5.402609403968998691e-01,1.476024359868073101e-02
9.488362882802195974e-01,6.243367024026759138e-01,1.084418563432879845e-01
8.379779620477293411e-01,7.932876194523097446e-03,9.889903041681338269e-01
9.893400561666380044e-01,7.771457033238649004e-02,8.787025028823364226e-01
3.221295136147696025e-01,9.461523954567653272e-01,1.077548017387202073e+00
8.939102371245066792e-03,8.227300054219355285e-01,9.373543453669950232e-01
8.612116383667943742e-01,4.398308142085725070e-01,8.681477488595452652e-01
2.557451938059311924e-01,8.026895196332985982e-01,9.583924455839817336e-01
4.778620044322211546e-01,1.343386086556961345e-01,6.316571009908743262e-02
9.278489928250107655e-01,8.959699670066484378e-01,1.764285058812558593e-01
4.915451500169353283e-01,8.567024965177921780e-01,8.612522065505064939e-01
4.185780257640986379e-01,6.834649001663011259e-01,7.800942009031200941e-01
3.979906394079224530e-01,5.057420174508103772e-01,1.093015699739170010e+00
1.895517028339273047e-01,9.649889241109138593e-01,1.030005125894933871e+00
2.942156882442547028e-01,1.034595561164013411e-01,-5.634729105734868210e-02
1.443154002290480964e-01,1.409229419244295567e-02,4.183619166335986184e-02
7.159456994623945025e-01,5.644983202408740963e-01,7.294430737809866339e-02
7.945783511847521741e-01,5.070799232841364246e-01,1.912068746537096131e-01
7.918210395041538341e-01,6.957642142718394318e-01,-1.303419322820061760e-02
7.778484768591753529e-01,4.064828689770862979e-01,1.127980017163064286e+00
6.477706331874811818e-01,1.797942976929743919e-01,9.548244058404911083e-01
3.218199633879039734e-01,1.726046201197924956e-01,-5.096687406137471316e-02
4.086372250132623840e-01,2.414187479655988122e-01,4.237734301945048077e-02
4.069219941293579224e-01,9.752223424373120952e-01,8.885032495804497943e-01
3.203193258220312645e-01,9.824909449748953083e-01,8.698040973984036972e-01
6.363061258559835620e-01,3.750910183939110132e-01,1.096319309714042234e+00
8.574844990835965852e-01,6.195867393685737801e-01,-1.963075067948599761e-01
2.520330801308393598e-01,7.928556779768876073e-01,1.011334825517329117e+00
4.329385087341630634e-01,3.575111673304414150e-01,-3.247422640409677180e-02
3.302769365250809441e-01,6.973688756131394273e-01,9.626979807684943324e-01
2.686501239062265567e-01,8.082780137053801051e-01,8.667694706483571876e-01
2.952887943998477871e-01,5.441213835853572212e-01,7.964097564993010137e-01
4.879214918052023897e-01,8.553564125953697639e-01,9.339091523939926365e-01
8.883864343953858933e-01,1.843844423677667432e-01,8.834781997969963774e-01
5.853484589382510483e-01,8.982050460171371320e-01,-4.254190248049607992e-02
4.461172190344296906e-01,9.218683054838153756e-01,1.008803609612487939e+00
2.789908904569708969e-01,6.088311741937957322e-01,9.258239768497460442e-01
6.824537097668154084e-01,2.282057333504841079e-01,8.927474698009041365e-01
1.376751255771679894e-02,4.167239623706960883e-01,2.900413643555044968e-02
9.384818918567340296e-01,3.430281098304065468e-01,9.238165309421552118e-01
7.797442954825999362e-01,1.747363128274074251e-01,9.040468177105064340e-01
3.419528363024524342e-01,1.445977208380967438e-01,-2.991532708608496058e-02
7.167708141463760008e-01,6.993076236968142068e-01,2.854914361618232296e-02
6.884973179489187745e-01,2.533960344862996594e-01,1.210874842999862588e+00
6.923601216234088751e-01,2.272975409159495586e-01,1.161356155109228627e+00
4.246491159313396935e-01,3.719221216676872332e-01,-1.263380941066447327e-01
3.553079116201222076e-01,5.765480724125637835e-02,-1.324249217180318294e-01
6.316466268659396421e-01,7.073166026816994911e-01,6.471737218755258675e-03
6.135886945028355965e-01,6.483127561631245594e-01,5.569989401724988881e-02
1.699407142172577601e-01,1.494467989388624796e-01,-1.317055625742910921e-02
5.141750435258828356e-01,8.753327263545390702e-01,2.172332796255425635e-01
1.839534415472220408e-01,4.628391187082598890e-01,1.177070220220243907e-01
4.289323340299029397e-01,4.972891859195163189e-01,1.640057367649072062e-01
1.615107704860119231e-01,3.424406411348105417e-01,-4.178706177819060258e-02
2.618804041035202035e-01,8.445269432294789658e-01,9.103120413583881687e-01
8.003322457764017184e-01,4.266391582681435812e-01,8.929711708403920145e-01
6.070154607890388965e-01,1.454656102662199579e-01,9.886218435686250361e-01
5.096132942175586322e-01,2.969470857869045410e-01,8.741650082717016268e-01
8.596509535692010706e-01,6.715983809063899024e-01,-6.337920536966860918e-02
6.334740126224209789e-01,1.247513000691792273e-01,9.569230260607731742e-01
4.705878794988856972e-01,9.865727795868814987e-01,1.094428472919928952e+00
9.482991740726650631e-01,6.450856402604435713e-01,-4.728755590295527500e-02
1.517248710319736293e-01,6.391268487199049941e-01,8.592935889502477664e-01
5.656621125439275088e-01,4.686658376612520271e-01,9.552526727270362894e-01
4.280374694682701486e-01,5.992697556580300899e-01,1.018858291237770608e+00
8.499698885159654438e-01,7.511210403719373874e-01,5.609180584133466319e-02
5.793605402972330509e-01,9.247041815360280692e-01,-9.216590545137942625e-02
6.473998344154885398e-02,9.913465087318090729e-01,1.064737511585140517e+00
5.299454266798953039e-02,1.994955461385613527e-01,1.386825593941044266e-01
4.227526616445609342e-01,1.075088761851676900e-01,4.895166181417871104e-02
6.236704109977018184e-01,4.799256404886731442e-02,1.023879585752295096e+00
2.846238810069421366e-01,6.103668111967108789e-02,-4.481118060935154745e-02
7.035193311050811360e-01,6.684561675894820088e-01,-6.107950028484128435e-02
3.785805932506022264e-01,1.881942600298212032e-01,-2.029945069185288276e-01
7.470048290299451388e-01,3.403792907654672462e-01,1.060794658608913421e+00
7.953011674056428282e-01,4.879009391796202966e-01,9.645891116440310498e-01
5.256694443509793979e-01,2.849084949156721613e-02,1.015258149012149502e+00
6.442320198790317809e-01,3.506565024321673940e-01,1.050127484904083808e+00
2.292050272920657106e-01,4.338833762117005888e-01,-7.864027706953624630e-02
3.824674572709175768e-01,4.697890400863602434e-01,1.016995685672569816e-01
9.794833541798063647e-01,3.643780703682304445e-01,1.011311058187402967e+00
7.744101333360394745e-01,5.527675965498924926e-01,1.496995247661273287e-01
8.891310891074828415e-01,3.549528511495719796e-01,1.016893766785627262e+00
2.455186801865074653e-01,9.110192396569682938e-01,1.031862469532000226e+00
4.353426375776536794e-02,9.507534280610022703e-01,9.726622861604380388e-01
5.564069156709252617e-01,3.763632166870874984e-01,1.147641399284469621e+00
9.950523223391111172e-01,5.836264614763164715e-02,7.896507218198173250e-01
5.167063597676121445e-01,3.109707545554785124e-02,9.467168038879446579e-01
5.711757391862334332e-01,1.804685089951155730e-01,9.694946006051954335e-01
6.309592003395304571e-01,9.809236757505814808e-01,-1.530420735105282870e-01
8.749025512123809190e-01,4.518362494208706392e-01,9.205297348241092692e-01
7.084608700517172064e-01,7.774687500031892684e-01,-2.172122710465014261e-01
4.948430841825636195e-01,5.285334901775651240e-01,1.019038723727463625e+00
1.507843983721925962e-01,3.693999256119062657e-01,-1.405227544076269597e-01
1.422212530727866575e-01,7.268937533445626320e-01,1.036986047372036035e+00
4.770129944022631907e-01,4.488788367067655383e-01,-2.617816959613150293e-02
8.859979711653512835e-01,5.276187723115614014e-01,-8.327135127847871965e-02
4.090908319168599094e-01,2.688920222126458537e-01,-1.553782609997151343e-01
7.201203516976995012e-02,4.181361337253157728e-01,-6.828478444517395440e-02
2.575348240658337229e-02,2.911539405524280477e-01,3.106238202154704836e-02
5.035095098483964859e-01,9.659330650197223145e-01,-1.254471938665714485e-02
1.093829141935845906e-01,6.730410542166219701e-01,1.066624379928609700e+00
4.999323710991999681e-01,7.770982292757829812e-01,9.211669731477512002e-01
1.436069978742092745e-01,8.320263643587555435e-02,1.605993521565478310e-01
3.992186053524537925e-01,7.969622519799001159e-01,9.762046583635471952e-01
1.916757389098900921e-01,7.677771921472740235e-01,9.154804570935758390e-01
2.902979970618682071e-01,2.168914876117953305e-01,1.310159231391460899e-01
1.671558907700643193e-02,3.986590599223787112e-01,1.357566477962964535e-01
3.810814912934523679e-01,6.593449361953647170e-01,9.909830682910567567e-01
7.091840047038722172e-02,1.526039870422718492e-01,-4.843021166665138072e-02
1.657588290093414685e-02,1.137963564474068212e-01,9.100746389356351163e-02
6.517892760100904015e-01,4.026568521749191998e-01,9.105863031836606281e-01
3.210263141673158627e-01,5.579119942437724688e-01,1.093519154179280140e+00
9.934604630998499220e-01,8.344865140180296459e-01,-1.387180519960789227e-01
6.996231823995838761e-01,9.182585891320579341e-01,-8.339327290337440399e-03
3.972870668308481346e-02,7.033344161552523843e-02,1.175550719321743045e-03
4.740062899880546077e-01,3.491674129570773166e-01,1.208099461140548780e-01
9.372520621284489151e-01,4.895649611451685645e-01,8.170780366250103288e-01
5.396491100933505924e-01,8.952603657312208085e-01,2.344367219678766476e-02
4.466350458236905130e-01,8.770343892703519328e-01,9.879289533223987174e-01
2.535817493716283622e-01,2.738097041581085689e-01,2.908287158088422955e-04
3.283613900875901326e-01,5.475642704809534633e-01,9.115894454198205654e-01
2.201286740269812192e-01,6.714291710812733127e-01,8.698105169509393608e-01
1.427932828030004098e-01,9.410027449963942470e-02,-4.631370617506719994e-02
8.701917462053776475e-01,2.368687035569985166e-01,9.758336215329737051e-01
3.860040110225955168e-01,5.715420927253322958e-01,1.147518347830882357e+00
5.258019699514699941e-01,7.602387944210686754e-02,1.011138164353144964e+00
8.741259355980283141e-01,9.511356184186920970e-01,-4.276254670764190993e-04
8.125073041746717628e-01,2.838018349468742763e-01,1.069834629261439130e+00
5.278467961179594825e-01,3.394167240176094724e-01,8.388145359092209485e-01
5.546673107876667341e-01,9.744034689130025573e-01,7.225664471510273579e-02
3.117029177189813982e-01,6.687966059228697135e-01,1.091537614130747569e+00
3.259672073089858735e-01,7.744772660150796018e-01,1.090714386755461840e+00
3.258099666132048267e-01,8.898273414473749643e-01,9.667005937720022368e-01
7.517077209192668530e-01,7.626320954451106804e-01,-1.235249995930350897e-01
4.694790285599257373e-01,2.107645024687053725e-01,-9.849285055946012390e-02
4.147507957649887445e-02,3.218287999702444946e-01,2.474538689467184124e-02
3.711266449399441836e-02,6.938554113738997220e-01,1.053676484523730084e+00
6.703500319361683779e-01,4.304717827449749956e-01,1.127654977551409754e+00
7.677889776581729997e-01,5.360084947395636901e-01,1.521434045014498637e-01
3.985992663545256942e-02,1.347931179606790542e-01,8.712482808892801911e-02
1.934163990149183610e-01,3.356638011646497777e-01,3.392879839140269978e-03
5.231294643747674833e-02,6.051167805003662137e-01,1.026491995671020119e+00
5.120610275239187992e-01,6.174610120171560856e-01,-2.353123697547818138e-02
4.323555947643440422e-01,8.477004682374377209e-01,1.105486845217148906e+00
4.540590560591513114e-01,1.540351979192089438e-02,5.942715493361382800e-02
8.730681484470994569e-01,6.562015477440988898e-01,2.158596723606062695e-02
8.230030406484709626e-01,9.517756930338516774e-01,-1.255600538039867986e-01
5.091238351688720520e-02,2.350718640910145485e-01,1.046661384957799784e-01
6.334344345633979856e-02,4.216578860324509126e-01,-1.526886365623713326e-01
8.638291455014519560e-01,8.162398271506809966e-02,1.123178218738054124e+00
4.731119528858784840e-01,1.255431098087236297e-01,9.846295039767348489e-02
7.728856021671177690e-01,8.414221567958434234e-01,-1.587068820086223464e-01
4.329093818615858957e-02,4.864407431703947626e-01,-4.846433604287023883e-03
2.394110441377559351e-01,9.524737816932592471e-01,8.758605740071293555e-01
9.438926277837961232e-01,6.139340023847008609e-01,-1.446193198727686695e-02
9.734873973251962909e-01,3.448613437162509898e-01,1.055516997351909847e+00
8.978507176676817636e-01,4.345949734085094995e-01,9.863361900293221574e-01
2.358146371475137171e-01,9.408279632013993865e-01,8.636131975379564008e-01
6.842180509832275215e-01,6.491158533912932960e-02,1.026082727718927057e+00
8.704248568230661398e-01,7.013802946333462796e-01,2.594877065664213944e-02
6.049268729742817152e-01,7.323748991793305185e-01,-2.723481056049538961e-03
2.534390424997807756e-01,6.004889552745443781e-01,8.954861025207189185e-01
8.146191812616553340e-01,5.411366032399989034e-02,9.650218337968703430e-01
1.305106713392659712e-01,8.424458099564136049e-01,1.026852716841837543e+00
6.183458693278854890e-01,5.312878104810579982e-01,-1.550498213016635041e-02
2.482907289970985865e-01,2.950785752494958780e-01,2.112622119306336588e-01
8.726861649194619375e-01,4.216659348497092674e-01,1.025607943745196371e+00
6.443025557960679883e-02,8.969850695075824998e-01,9.793238665941630394e-01
2.033808328240510610e-01,8.262275354923913628e-01,1.048259795152415741e+00
8.817706230828072922e-01,4.867507448183381324e-01,8.894567646772271186e-01
5.984646931046363472e-01,5.272674564854169521e-01,4.207551998530761200e-02
6.248212941854990321e-01,8.550417213473514577e-01,1.616794227523432048e-01
2.821394484048606044e-01,8.837555081806008905e-01,9.116228681426656877e-01
5.676903301191492668e-01,1.151030409669033805e-01,1.029883501906843524e+00
2.270011652146579628e-01,5.959823856130137543e-01,1.076711309644482251e+00
2.394462369046803651e-01,1.314156605374605657e-01,-1.693348708072104358e-01
1.618477141238351402e-01,8.448725182357390562e-01,1.163888893071886477e+00
6.021836538927107796e-01,9.635670871883419419e-01,-1.044998189068213623e-01
3.456792132960254671e-01,5.956250981349496820e-01,9.664945942363432074e-01
5.989852889734197383e-01,6.157042872039487635e-01,3.806721776381166711e-02
5.917720718572239136e-02,7.503171845746858803e-01,9.767397115919003170e-01
9.482094981876252326e-01,5.346790571795887459e-01,8.029366671164617220e-02
1.925560209550684077e-01,7.529259149799422124e-01,1.015092541697535822e+00
7.318969327863800167e-03,3.282561036507808394e-01,5.697512910046692580e-02
9.176063476443931943e-01,5.883673328938767710e-01,7.497342370336639548e-03
8.551902839041353177e-01,6.046720523491877497e-01,1.472001614567861605e-01
8.225781525238710090e-01,8.794835234293169046e-01,-2.015498008993192869e-01
3.209863745244532218e-01,1.229547715521784879e-01,3.640942466137381955e-02
7.213033441865708273e-01,4.403470868312382436e-01,9.699384872199258156e-01
1.267357091420086013e-01,5.898236481098891870e-01,9.040967383019284931e-01
3.606831456985992723e-02,2.001821164109869322e-01,-8.116100105728403513e-02
7.883011896679689157e-01,1.209676001535786583e-02,9.428020021820544549e-01
3.033456717085690757e-01,2.137596108807071627e-02,5.784105367328021968e-02
9.974849927283294670e-01,5.820299763434617635e-01,-8.961304362464841966e-02
2.933762784860566297e-01,9.289494618931156689e-01,9.836816423638582441e-01
5.071194235482044954e-01,4.546922275524069024e-01,1.027524887011579180e+00
5.878715062961864524e-01,2.641376442105696221e-01,8.844208348900710615e-01
3.052882993474332896e-01,3.716545767241824505e-01,1.112348652586641617e-01
2.444479993716108801e-01,5.845472661166297712e-01,1.242158930393763017e+00
6.958461339323264161e-01,7.194722016400112441e-02,9.325982692793519657e-01
9.710833196254637922e-01,7.530706558694548747e-01,9.194471844182161568e-02
8.061631629534082855e-01,7.516404040812905141e-01,-3.096794804197156720e-02
8.006097727121730401e-02,4.816962830211770630e-01,5.333674564269574175e-02
4.456729564016560508e-01,6.724726505249298825e-01,9.818294804513718610e-01
4.487372588243219163e-01,7.043133983839096057e-01,1.220866162998111015e+00
6.816453376026229138e-01,6.971485287527562358e-01,-3.243318156168344818e-02
6.186007425615364097e-01,1.509807332796457846e-01,1.079393040914281343e+00
7.608024563057560474e-01,7.810458221939570178e-01,6.073661526176926673e-02
9.041029859138048907e-01,2.337686926041059321e-01,8.916039863115352571e-01
1.766788930723414142e-01,3.910991231067624252e-01,-2.160269413049301090e-01
3.205646539951602092e-01,8.154769290056261832e-01,1.057908721575003597e+00
6.135258996684316291e-01,7.600017523497488714e-01,8.445184395768823293e-02
4.276650996969642016e-01,9.944056291558922567e-02,-5.367054182072711344e-02
1.150350120502462437e-01,3.734071317371953080e-01,-6.333746675376547564e-02
1.938477675095071628e-01,8.207464986229382475e-01,1.097680325556213754e+00
5.996360084237167820e-01,6.888452590186650015e-01,8.528334249127994537e-02
4.911099613042961831e-01,8.817368124218105674e-02,9.558766473644801642e-02
2.350776366861703215e-01,4.616020808916220242e-01,2.614020355402195753e-02
1.985915030539262549e-01,2.547623577882029977e-02,-7.882764611222933815e-02
7.293976982561526379e-01,7.249167472191191397e-01,-1.217973379694599623e-01
3.303917463617027650e-01,8.434941260636554805e-01,8.006863454267725277e-01
4.284424759510734315e-01,8.646861447635343367e-01,9.942318242095662395e-01
6.570654246228895268e-01,5.810356574180901568e-01,1.919168758793531882e-01
2.007274880350909951e-01,5.295466104783949080e-01,1.047789455603833408e+00
8.944324184275723733e-01,3.049939758352160357e-01,9.920259756460207967e-01
8.709456091610533468e-01,9.087452728583881312e-01,-1.520746216632903325e-01
3.298445626818823362e-01,6.830743663365641538e-01,9.332069933429092412e-01
8.992209495659687635e-01,7.569688175830335819e-02,1.000493877562354639e+00
8.785878632047704473e-01,1.908393632684806107e-01,9.777780524321995070e-01
8.497689100179306454e-01,6.671187886992039351e-01,9.083396901692497583e-02
3.443391954500538699e-01,1.513755699927989973e-01,-1.586067698936474354e-02
6.353709614884534007e-01,8.477880437147415904e-01,6.953059952393551846e-02
8.218493747640105429e-01,6.282395971306578009e-01,-1.142182601313760683e-02
9.563015097552320931e-01,5.899231270757697709e-01,-1.897671664437167866e-02
1.978327846479193131e-01,4.293307226164922996e-01,1.259133529599760493e-01
3.367459987011672817e-01,9.919450119072810157e-01,9.248022565789059124e-01
3.802364961172647329e-01,9.927008736648179621e-01,9.716947132078544991e-01
5.188042507334141851e-01,1.722797014771254576e-01,8.707262597375492463e-01
7.457407125147985649e-02,3.703056937738876675e-01,9.673935459673665277e-03
1.234188598147298865e-01,6.345187162918416446e-01,1.106950100103379020e+00
4.139198457294088751e-01,9.909156325254501185e-01,1.068140191013360552e+00
9.299556236533178533e-01,1.492360323097500219e-01,1.073401180991890858e+00
3.948822625368004768e-01,4.615797109623861472e-01,1.053042376022673698e-01
5.609487551219451973e-01,7.803635232892685014e-01,6.252181869673088810e-02
4.871939090734237476e-01,4.199935520102408004e-01,7.582594321492001910e-02
2.619997047193356465e-01,9.108061390867584484e-01,1.040372407707761626e+00
2.227151153280415574e-02,8.211218982189646409e-01,9.024611454628856944e-01
1.884683996664184846e-01,6.857568991725472296e-01,1.052609509966722978e+00
3.552093893396437441e-01,9.742126278950913321e-01,1.094588637482410309e+00
1.227721294494199533e-01,1.875698926172395531e-01,-8.919096552187089078e-02
8.894424754644788544e-01,5.834063146082278939e-01,2.359899810321977598e-02
3.092463846587796272e-01,7.643854781880232707e-04,1.082813071571114283e-01
2.275977383222530515e-01,1.454036341712356961e-01,-3.734764553885792232e-02
2.034338243700906101e-01,8.963225568040046332e-01,8.678893426344130857e-01
8.730943782696405364e-01,7.002894376334497517e-01,6.153397186295915013e-03
4.704976761522090545e-01,8.271360023322883448e-01,1.159368555952168700e+00
4.958263970852123670e-01,3.634886832849052452e-01,-9.129454192771607746e-02
2.756031027608587536e-01,9.247408135383716754e-01,9.894609929594416764e-01
3.869892342562921694e-01,4.928808734313202544e-01,-7.510309471783471746e-02
2.544381023144220988e-01,8.849665188380633207e-01,9.641032705942952363e-01
3.832634568052867285e-01,2.975747153138752488e-01,2.347712810509073808e-02
7.175949621947543822e-01,1.908699431723074325e-01,1.147681360862618405e+00
1.181926293470384470e-01,8.369977822135121759e-01,9.283355974031641811e-01
7.441359213695352137e-01,5.905205476471171444e-01,-7.086549942283279502e-02
2.428915749648706823e-01,6.232471451875840618e-01,9.127497559611904565e-01
6.383553207411729602e-01,3.275694441123251366e-01,8.906209554512177773e-01
6.748934306754228452e-02,8.805385975643267304e-01,8.465299939787881423e-01
4.599567310742583848e-01,7.638727180664298677e-01,9.148737800989471536e-01
2.538886209427396734e-01,5.913871822675168533e-01,9.894186730523388817e-01
4.287951603487977215e-01,3.821006425491395575e-01,4.086538652840479395e-03
1.267133838469227669e-01,2.442666632089758316e-01,1.172449187520743508e-01
7.934158295831894581e-02,3.028583047175785747e-01,-8.216004845727950534e-02
7.417048002315553834e-01,6.150157249710488383e-01,-7.799381239922420495e-02
6.724110989339258104e-01,8.383079525031589263e-03,9.243162759477142609e-01
6.783769722513198763e-01,5.031806905428870547e-01,1.957459190548047068e-02
2.309084504841791841e-01,1.748965089819222163e-01,-1.584724166600106829e-02
1.849829655508298254e-01,8.442600050750984630e-01,1.077720879511122165e+00
9.825897893050853371e-01,9.137396248416316258e-01,-7.891408068160674083e-02
3.473694203728128205e-01,7.802245796913637177e-01,1.091325885259402773e+00
5.464545907014306536e-01,8.164423975559377267e-01,9.425131430139394029e-02
4.837269511889058515e-01,5.899512982994037369e-01,9.737532297931724701e-01
7.872634475242614727e-01,1.002346431031323482e-01,9.377462546390974429e-01
5.370071168405406992e-01,3.659833466696542636e-01,1.018116908947882093e+00
6.043068436688722178e-01,9.588025156370004742e-01,-7.915337654795832900e-02
3.928229449969624643e-01,3.929729979416164420e-01,1.992204735677458871e-01
7.906369935895988244e-01,6.450783990854264127e-01,1.408873031111716224e-02
3.938840078553764723e-01,6.889550482302514434e-01,1.079244076856371581e+00
4.040016090543789851e-01,1.361131542481220924e-01,-1.267107300502202383e-01
4.506432686721344449e-01,3.344193926972726105e-01,-1.750757584790160470e-01
2.179689300611679093e-01,9.257748016364398813e-01,1.068726620518365422e+00
6.896393990795577356e-01,5.988208906234219198e-01,5.158867189559166594e-02
7.466574721230050393e-01,5.419710617714414980e-01,-7.606047569132229347e-02
7.005330726195025948e-01,9.305598192498450993e-01,-5.667756498026532003e-02
8.626166945052219370e-01,1.674418575065212966e-01,9.320056199223546445e-01
2.631390239238742268e-01,7.161027944180453630e-02,2.278269148606133776e-02
9.786728051583469812e-01,2.363840986603755745e-01,1.092385212800549787e+00
6.605983559285987239e-01,8.963069892746200473e-02,8.455139790059222893e-01
2.107709420870187422e-01,5.028243835184045274e-01,1.047874513116694661e+00
1.049536683299280293e-01,3.888734026947243683e-01,-8.741677208714415670e-02
5.379877201396808806e-01,3.392041848850999575e-01,9.469068035697787433e-01
5.559002111265755053e-01,5.367683219424640439e-01,-1.604352080760272289e-02
3.906104987369057868e-01,6.962700831011029434e-01,8.638545959851644529e-01
6.784824539979240621e-01,6.873031493743898546e-01,2.843938569739298261e-01
5.614912587993742266e-01,3.580799140129358182e-01,1.242497747453344070e+00
6.131123353670122622e-01,9.357362666081997515e-01,7.522698590240822769e-02
5.968885249459731090e-01,9.795901743594251920e-01,6.560151814185348484e-02
4.410066204088711750e-01,7.396119625075466830e-01,8.956389807414035786e-01
3.760387864960013093e-02,7.647266390004860970e-01,1.237734887588368249e+00
5.182815803268123744e-01,5.316532961103237476e-03,1.001831726487140584e+00
2.772001047825984887e-01,5.348322325198114902e-01,9.876604490001033021e-01
7.679628782813116006e-01,5.309259545252509316e-02,1.120399357908296034e+00
5.490534438505196846e-01,8.009945557983559894e-01,2.608000655858127084e-02
6.495830548784788938e-01,9.314470149929107157e-01,-7.766036112085257515e-02
7.473144501476114421e-02,2.768064626005866113e-01,-2.189214304975090064e-02
9.192375042561724552e-01,7.650051482981429229e-01,-3.760857792528884969e-02
5.997403444720986743e-01,8.329681438370704072e-01,6.465569336967152969e-03
8.960434915750019602e-01,9.727203528528248766e-01,5.544575388744446554e-02
9.985205070898058866e-01,1.396493336841034827e-01,1.053275890384283375e+00
7.054204474369918376e-02,7.346665436012334016e-02,1.301201891786248621e-01
1.474379089994692915e-02,9.718200729779260527e-01,9.995896935784732706e-01
9.476691645722912227e-02,8.417368261858496625e-01,1.095806851826605977e+00
6.851729969076996163e-01,4.875571674829181079e-01,1.170666184148214217e+00
3.466948813585781775e-01,3.536477870670050594e-01,-1.226022607797777192e-01
2.538388823471872113e-01,9.110179736986264709e-01,1.071257056349050885e+00
7.256425454948689513e-01,2.592579278426987432e-02,8.927667889807496815e-01
4.615212532471145712e-01,2.813012725368113642e-01,-1.507075590708149837e-01
2.896618617789847860e-02,8.846818943092944476e-01,1.158466203958743446e+00
7.710053579546822800e-01,3.297350792442609313e-01,1.113548396879602276e+00
7.965585875367110491e-01,3.246383222029965987e-01,1.052337294391280320e+00
3.078824438176467337e-01,9.281090785007262145e-01,9.523068602355646561e-01
9.769161619458501811e-01,5.235553047168928220e-01,1.503561224110296357e-01
9.519351675679249558e-01,8.879964939264646251e-01,-1.367167725038838932e-01
5.180325615944086914e-01,3.727488020974856209e-01,1.006739291981889384e+00
7.103545783196093533e-01,4.556434246420539846e-01,1.048517755366254578e+00
6.052128951232128573e-01,9.904061968899466883e-01,1.287126933203116275e-01
7.739162499564684605e-01,3.342764049938262705e-01,8.473572300626436293e-01
8.899822082237796028e-02,1.849055902784083605e-01,-3.064141356105101188e-01
5.268518758918343536e-01,4.171024181068579972e-01,1.011537031328626490e+00
8.006596581292396708e-01,9.332023381866817457e-01,3.174271553443664545e-02
1.778647479513485452e-01,8.600667708762161912e-01,1.017368027267708364e+00
9.573949263266687826e-01,9.594706068497821372e-01,-8.772468613116120306e-02
3.786258772043049614e-02,5.758350560817371289e-02,-4.416079984017279823e-03
5.797392917688992675e-03,3.126811561554764252e-01,-1.540079071341478589e-01
5.569841271210462796e-02,2.938624854705441658e-01,4.205933916851129634e-02
3.560164860311865187e-01,9.536770184739218337e-01,1.089258839583045146e+00
4.769509224867779507e-01,2.782384424213303342e-01,-7.320318846051872275e-02
5.030051950509547565e-01,6.433579246491355486e-01,-2.003941767825096754e-01
1.112456725674350055e-01,7.580616581331085513e-01,9.870218289744863149e-01
8.519457712872955391e-01,8.442498595694283292e-01,-1.985003194006996000e-02
8.905068324120894996e-01,3.818423967557611487e-01,9.919393005673756702e-01
4.438051983665185496e-01,1.015814759461661776e-01,1.303575451457602286e-01
2.258069224312351242e-01,9.713204692732110290e-01,1.013859547911853287e+00
2.846239689687354302e-01,9.073961422409972943e-01,1.208412284769090128e+00
8.905522863783110754e-01,9.225044972603934079e-01,3.807434533098882912e-02
1.561495644407947525e-01,8.797221435013808932e-01,8.912766329332739712e-01
6.319949504631371395e-01,2.106281784188024364e-01,1.113361345827845961e+00
3.451159147800811899e-01,1.599187885892832117e-01,-9.034436761133893615e-03
4.443481574461272121e-01,8.377495384546052026e-02,-4.887708573317057353e-02
1.653184904802398325e-01,1.971963464666692811e-01,2.794013512216662193e-02
6.910273415567041999e-01,5.738028691653529467e-01,1.147838114006333003e-02
8.733231340367321183e-01,2.446340657192080936e-01,8.441405807182896792e-01
6.296079567189131199e-01,3.443126530709561539e-02,9.150481223585189561e-01
5.161984610770690152e-01,8.632264817138495250e-01,1.152006570014651177e-01
9.841265438849168268e-01,9.872975358918512079e-03,1.017592789245984397e+00
2.528414820768151161e-01,2.238496703275253408e-01,6.389859536932095130e-02
4.753759422776049348e-02,1.017245626177565310e-02,1.020152644515351925e-01
4.901953122442317401e-01,4.548214567029407185e-02,1.792613071632506994e-01
2.783281308469019999e-01,6.399745691089122612e-01,9.360903499803207017e-01
2.946920415609042276e-01,2.696547011590514353e-01,-7.033950585259873822e-02
5.905465222435670736e-01,3.805340772096400537e-01,9.075490405451669407e-01
7.025230339614009223e-01,4.961239512498610837e-01,9.399549458444195205e-01
6.332092658064775170e-01,3.533943470016294164e-01,9.087413232870453772e-01
2.870439461555086558e-01,1.332071137511019465e-01,-1.500073249781528999e-03
9.370803847989642721e-01,8.048358460157946093e-01,-1.082327689210641451e-02
9.380285431563524234e-01,1.853805246478023028e-01,1.058123827172090969e+00
9.331557628232255430e-01,9.357532076921331043e-01,-1.190651233560876543e-01
2.835445136036545133e-01,2.746342484238629700e-01,-6.538245233132640444e-02
5.514315736733724771e-01,1.852892393685523498e-01,1.035946106565128755e+00
4.421011106267658253e-01,1.853176459376844054e-01,6.986479775844114948e-02
9.473759179539592568e-01,4.938246574910856168e-01,7.683382689581778058e-01
9.639177674239978177e-01,6.449416725122117944e-01,-6.020706223552577119e-02
4.843157730323855992e-01,9.676952459611974922e-01,9.746379610406021854e-01
1.431897817087628422e-01,6.323298746664965941e-01,7.958845820662795445e-01
6.618883678367976087e-01,4.338398271527259542e-01,1.044870035677316178e+00
5.935722533895748665e-02,4.927226011660332805e-01,1.204127526258809144e-01
4.651339435180774640e-01,8.067468107748635431e-01,8.056900587697077842e-01
2.566609899529762595e-01,3.914303629842685872e-01,-1.564928767972624257e-01
2.401722072213772208e-01,6.864434151723640687e-01,1.095218212674041292e+00
9.898834533371154709e-01,1.774295368682619056e-01,1.113533922811903443e+00
8.214467402262972673e-01,2.309885592816333100e-01,8.727224362534844460e-01
5.797581337276702662e-02,1.388165180456736314e-01,-9.876207127040620426e-02
9.351531155423886688e-01,8.885421033562280746e-01,6.594188067356808458e-02
2.892604954829099961e-01,9.477640661016069057e-01,9.756976268306446487e-01
8.499305352314189266e-01,4.346547940716735114e-01,9.478683569225976324e-01
4.680495548664728167e-01,6.298530215834227119e-01,1.159413737963344238e+00
1.580318349638126785e-01,1.478208674209291473e-02,2.977990384609698060e-02
2.655120174723858417e-01,1.544363194276088258e-02,-1.819448842204468564e-01
6.744988441622574715e-01,5.514688358127765033e-01,2.533139057227928870e-02
3.216481456027776575e-01,7.802023371197586155e-01,8.594742339990000257e-01
1.457854312147770504e-01,2.448806387618835956e-01,7.420565797160270927e-02
2.923137620392837199e-01,1.959319464989921489e-01,9.819936577191595850e-02
8.793868377060332087e-02,8.699761802716075021e-01,1.043856199808903984e+00
8.818864557151007144e-02,6.837103358216378712e-01,1.092781985293958202e+00
1.204008768577233823e-01,1.069900314417415732e-02,1.964279457255708738e-01
5.572682300749137729e-01,9.071090552203706636e-01,7.266799660354821000e-02
8.604566673368851948e-01,3.384513841182500427e-01,9.628040059161244724e-01
2.715882932586222154e-02,8.008593551300331459e-01,8.906696091231000034e-01
8.059849322896659451e-01,8.684881163027721174e-01,2.244507346937703318e-02
6.696465998755330995e-01,8.077788623150764513e-01,-1.035038170270754787e-01
8.974982823028202494e-01,4.538299504900122905e-01,8.561254726909524049e-01
5.578253037149104587e-01,5.061311288282347443e-01,-4.618495049410464848e-02
6.919839045242187625e-01,6.829068676298748475e-01,-1.778318125131670702e-01
5.203136358633164704e-01,8.284681480854713120e-01,-1.300473782925979371e-01
5.057793867898664475e-01,8.248585623852319193e-01,5.011563909976024522e-02
2.818450881432429389e-01,1.784948329774882492e-01,-4.752552733646227268e-02
9.698705703447140225e-01,7.419395254560767761e-01,-3.066343807026032653e-02
2.597916933044145393e-01,5.812353422911716860e-01,9.974083901341840308e-01
9.552622535381868341e-01,8.075390781207880675e-02,8.045808184274549912e-01
8.353420706174108368e-02,6.191348314199072167e-01,1.018622374551821474e+00
2.244934788359577160e-01,7.651839567335081416e-01,9.996170056933522119e-01
5.681525429491051105e-01,6.661880902234952329e-01,-4.520646971031836228e-03
1.078139007945924099e-01,8.428305143655678844e-02,3.428463105952827411e-02
6.251210683054896355e-01,4.097312611340204747e-01,7.835072430593797987e-01
8.725252387198179083e-02,3.710639450161891117e-01,1.911829512041216539e-01
6.721444096568486293e-01,1.895874001915857088e-01,9.696648885222931558e-01
8.957291085287041321e-01,9.498463888800873223e-01,-1.434213716989107545e-01
9.615725424345338279e-01,7.300825577402602073e-01,1.115298785398136094e-02
4.062884276883150791e-01,7.437491963512196103e-01,8.728832276910597487e-01
2.879868792747515283e-01,3.144172223907462094e-01,6.639269984569035402e-03
6.058963612178579483e-01,5.948471334079176165e-01,5.406022320910384288e-02
8.786609763158110820e-01,2.546007556605769384e-01,8.681103172566779769e-01
7.661883652028217417e-01,9.410132668189012950e-01,8.454264291238804130e-02
1.032932657734630943e-03,4.760891180021048497e-01,1.310921996749715192e-02
6.570403290247293082e-01,8.433232139195224741e-01,3.490836842146539942e-02
1.837394118760017347e-01,8.561592379873718128e-01,1.040406810514771907e+00
3.643654798570279407e-01,8.922739292761724395e-01,1.051243414680567811e+00
2.771174012236499173e-02,8.539013912317061639e-02,1.120361799575133599e-01
9.814104657541125043e-01,6.095019257734966001e-01,8.604544477785941448e-02
4.176323468141832640e-01,1.692141846936905392e-01,4.869103534737832806e-02
6.499011530896899869e-01,3.697506835935782110e-02,9.235660373730402162e-01
3.116139134607046612e-01,3.234791969890753460e-01,2.863311024692068163e-02
6.074418935145535769e-01,6.508312566756970785e-01,-5.578339544058541488e-02
8.460545992364693069e-01,9.275809425975434230e-01,-1.448752273671571611e-01
6.604577276110996653e-01,5.781739184085381567e-01,-4.137687521102638606e-03
3.987155436290084065e-01,9.666124926421419961e-01,9.087189903249239809e-01
1.540791718323574200e-01,8.950868086486484243e-01,1.113514138578653778e+00
3.110130678848415098e-01,5.484890896661039905e-01,9.962290805799572935e-01
6.820662584328148759e-01,2.364696513261553834e-01,1.004526256872071199e+00
1.677366850502716167e-01,5.084820134296159644e-01,1.077520611859306143e+00
7.918638755846716393e-01,6.924144621670755839e-01,-4.181239219167975224e-02
1.189733371730148370e-01,9.007422150717330211e-01,9.743405141589570606e-01
4.797375670491550448e-01,9.466766792396476005e-01,1.116467116229893586e+00
5.534337062482657110e-01,8.480182166035288294e-02,8.616321398432081891e-01
2.024630356745356075e-01,8.542379729163827040e-01,9.133044781567852821e-01
7.059273667647191219e-01,8.949395201529242172e-01,-1.336938722393446292e-02
3.291460017942997585e-01,5.280013966376261303e-01,1.078478919106031775e+00
6.503981324841198175e-01,5.942908535866644471e-01,2.497924739488987730e-02
2.314629355342477934e-01,4.268213494482355763e-01,-1.157516837724560654e-01
2.481114640601748134e-01,8.456149622311454062e-01,9.080226029475525484e-01
9.866774449680826287e-01,6.657080313237928593e-02,1.169446001979793870e+00
7.139280322669613321e-01,3.301155521990742914e-01,1.031626928139039334e+00
6.254353783114329213e-01,2.581296492818709876e-01,9.381558777586151976e-01
6.510076093084951054e-01,3.711471844627295402e-01,9.515722479427073388e-01
2.948208795369636759e-01,9.117631736977988011e-01,1.374024890370459051e+00
9.424988742262074837e-01,6.135500265601354641e-01,1.340271910329305649e-01
2.144677808306926226e-01,9.394188709061593867e-01,8.363525989054738652e-01
7.504535467233240942e-01,7.510898073228060579e-01,-4.587749755420541392e-02
2.117213348484862090e-01,8.301565261622992908e-01,1.072282268340025269e+00
2.400951541612100781e-01,6.316207452501602093e-01,9.724518917035274157e-01
7.107395698995863098e-01,7.423834297071016941e-01,1.139053295500416507e-01
3.902647045995809583e-01,7.598253967160973898e-01,1.176424957903857038e+00
9.029359021217099324e-01,5.874200192375769181e-01,7.560395037314710485e-04
9.040971569479860914e-02,1.289759841422760678e-01,2.947395148619431221e-02
1.052625266627869038e-01,1.727274633228800260e-01,-1.686622867439575152e-02
1.264308902896850162e-01,7.783008900676275932e-01,1.088279906610652770e+00
3.941151218444427506e-02,2.415584173408640289e-01,1.499925163502086600e-01
8.790664013584654768e-01,9.735188608362935758e-01,9.343953739818500193e-02
6.054220077270481282e-01,9.762382645603884246e-01,-1.082977605711804570e-01
4.345154171497678242e-02,9.485727683760075690e-01,1.075436306982410661e+00
3.112960824561671336e-01,7.989728403615929953e-01,9.421246066670443398e-01
8.106291034469015333e-01,8.599985915803448622e-01,1.748361966154716174e-01
4.585508109025010492e-01,9.306443921654483642e-01,1.047628381570698375e+00
2.578929844270398952e-01,9.344454925295846426e-01,1.105812873431640586e+00
6.191196332516605283e-01,9.854449149448305523e-01,-2.105938608383516649e-03
3.264386596259238882e-02,7.251666588327083662e-01,9.967662087759922018e-01
5.655542353803810762e-01,4.924240473983195754e-01,1.043077763276180736e+00
2.592181256507369858e-01,3.268306848663751207e-01,-3.080131206130836199e-03
2.494622067013877453e-01,2.192679103250607664e-01,1.578913904941557922e-01
7.996608375248388523e-01,5.023950058982583622e-01,-1.142196300911563767e-01
8.318988869699772692e-02,7.769841920273803382e-01,1.068541644768558063e+00
5.336490760837309111e-01,7.393877873463819972e-01,-5.866597964399875020e-02
5.153936931431213342e-01,3.999459239851317349e-01,1.086104624240607164e+00
9.862467824362950441e-01,2.824262016291267940e-02,8.202883907645786010e-01
9.327639079648583076e-01,9.308549677599680106e-01,1.286126248452187926e-01
3.909187115014580716e-01,2.144648711333198010e-01,-3.093687783986443646e-02
6.192132979332389819e-01,1.779723354701694404e-01,8.766326847518532972e-01
8.032081943280083847e-01,2.539338558777352040e-01,1.071668431025957657e+00
2.908061550326779265e-01,9.159157900099570426e-01,9.808223156608935067e-01
9.029168334744089863e-01,5.353808917305217241e-01,2.771388315757757417e-02
8.628389805786156330e-01,3.525325688050617856e-01,1.122790869817528403e+00
9.978842782249023324e-01,4.336897394049770149e-01,8.908809443245803150e-01
2.948120117984953659e-01,4.157423394916726078e-02,-7.363771349439864056e-02
9.897069537867417832e-01,4.648876309118223915e-01,1.008040713038980796e+00
7.345850140503706882e-01,6.408076240458746575e-01,5.675153985187858519e-02
7.230933996660097174e-01,5.111090382611627181e-02,9.296385024143508646e-01
9.200454054097136902e-01,9.268412179022414987e-01,-7.931453150946521369e-02
5.519950271541971265e-01,9.639158886845510255e-01,7.713352922468742767e-02
2.809555369903674604e-01,6.021466271365452094e-01,1.098363864221571840e+00
3.964626900526239117e-01,6.280232317552282284e-01,1.139727325850996564e+00
3.006322885237481257e-01,8.193583846560201778e-01,9.704864674015488690e-01
6.978597850420853455e-02,4.187757029999628067e-02,-2.582234797652329106e-01
4.939638463331430529e-02,1.504550283676634459e-01,5.233902847694909405e-02
3.953504737946903491e-01,9.553899892571746655e-01,1.075993210252958354e+00
1.107954396959561771e-01,6.475529858164271735e-01,8.533176850179862161e-01
5.276215084563492530e-01,3.532424059830590046e-01,1.009038024644506981e+00
1.981992293201918498e-01,2.205940818473357545e-01,2.753082795462005739e-02
4.382150972714693449e-02,7.131639731598145016e-01,1.034035496225335748e+00
6.538401991962549120e-01,4.437697927247223895e-01,9.535305531175393146e-01
7.189394880898436480e-01,1.099759724453204246e-01,1.008343319476319166e+00
9.387191733689310702e-01,8.476267092393875435e-01,6.003944961151911480e-02
6.590356596658832888e-01,3.788311686617318319e-01,8.223826557858052722e-01
4.165667290147474500e-01,4.821539221574674405e-01,9.110824343340162557e-02
9.352837700068006299e-01,8.635929549181026177e-01,-3.658366539820186863e-02
4.779238492165593932e-01,5.545184982781670158e-01,1.076450211919676825e+00
8.754038622793217650e-01,9.492644337722900838e-01,-7.026202774311522681e-02
6.391847558682459685e-01,7.485203200897536657e-01,-1.711764865060453056e-01
3.516249063604426350e-01,9.180283190861799891e-01,1.118113872842532608e+00
8.367520498538312257e-01,5.520558812247627900e-01,1.641136185707517958e-01
8.676272096151737001e-01,8.498718814403323218e-01,-1.860530737217669373e-01
8.084113566061418288e-01,1.306928243973880521e-01,8.707723378631260225e-01
5.360025748218121278e-01,9.007831147069159661e-01,9.417315784658271405e-03
7.708318305538303106e-01,4.207131990251917752e-01,8.950639678373283337e-01
9.778803933599657938e-01,2.507731566730022621e-01,1.076025174702340381e+00
3.336102288478977052e-01,9.542005074295889511e-01,9.202936101053171836e-01
8.087153481852896730e-01,9.003400045106618732e-01,-5.175805259309351064e-02
1.158958940989518460e-02,3.797644330339947638e-01,2.114349689916185729e-02
2.355219566098692985e-01,2.959350518874113156e-01,-2.178225097325519055e-01
7.379954964038408782e-01,7.240848448640740953e-01,-3.199225871280177852e-02
4.617994101990614553e-01,3.652744612070937258e-01,2.014648873999552170e-01
5.846916130045257676e-01,5.337077546342763323e-01,5.868847453565395611e-02
5.505795590078620405e-01,6.154770711146577700e-01,-9.991095128812628456e-02
3.956482722675488395e-01,7.717184824154583733e-01,1.104601512084969261e+00
2.512031833493866273e-01,6.557607679033660153e-01,1.206318543878434069e+00
9.603971482200180931e-01,3.554760464426043320e-03,1.127466847717737419e+00
7.233610443943061519e-01,1.089950339296437143e-01,9.415389162718565963e-01
5.437874916638252287e-01,6.269160166803345868e-01,-6.575961398094976040e-02
2.429471257708011311e-01,9.138438752466081505e-01,9.629523145632991055e-01
6.223125286916177945e-01,2.316946913948598752e-01,8.950946633756368120e-01
7.701321875998075051e-01,1.055070799973347739e-01,1.002921579126650808e+00
5.552253185313444916e-01,9.495606980249149398e-02,8.994310679401416042e-01
5.809840726750195028e-01,2.529801127201883881e-01,9.124760612855083997e-01
6.494668079547463169e-01,7.158269528581799879e-01,3.208187718092047475e-02
5.241856145686611956e-01,6.575214077031100723e-01,-5.636220581843773281e-02
8.132938453250556643e-01,8.075122716430320757e-01,-2.043848143656396346e-02
6.196819920538627624e-01,4.511024621207748719e-01,1.214817824343525032e+00
4.079499890473674562e-01,8.747476199043634493e-01,1.036821948903367874e+00
7.029317321143713215e-01,1.849350223734016474e-01,1.119032323344067992e+00
5.657321466292632994e-01,9.088080323000569116e-01,4.379181321807926880e-02
1.506899922482711762e-01,8.455176755307064473e-01,1.060297901756370509e+00
8.202024663153498762e-01,4.993411012978344887e-01,8.650824793036222538e-01
3.758385148570320133e-02,1.475025053969354349e-01,-5.469719130389166795e-02
9.226386946886712126e-01,4.415479603186245328e-02,9.737746126395429025e-01
3.724987664053595049e-01,6.190396347254708553e-01,9.553373349548232030e-01
1.969480389140166876e-01,9.810797572402972788e-01,9.797091495416314633e-01
1.559752330434224232e-01,5.396791951612743832e-01,1.015990174327940476e+00
6.180113243466446304e-01,2.309899486697039039e-01,9.777387590552161223e-01
4.663089892093413846e-01,4.910085291329292501e-01,6.895928169178559830e-02
7.668623763265419724e-01,6.342807527738734130e-01,-2.477975061075331220e-02
4.675500530653395881e-01,6.669425431939751681e-01,1.108395197819971090e+00
4.533774265221983679e-01,5.257115913414096564e-01,9.986904588654826886e-01
6.585680415583619052e-01,1.811953819538616450e-01,9.405323742280420340e-01
7.880495511723071278e-01,6.028653375383973279e-01,-1.251390756869008858e-01
9.803328851373277475e-01,2.223831935311757491e-01,9.230616375570839249e-01
4.662664741665735191e-01,8.956418025994465903e-01,9.745689284278540310e-01
6.014334096987881129e-01,7.259588458488149820e-01,1.202059351006588006e-01
4.136701642013602687e-01,6.843096218313198253e-01,8.728126421585374883e-01
9.460550298475631781e-01,2.001860657393220722e-01,1.104015273925491147e+00
8.073652638773204382e-01,9.695380120998964291e-01,-9.176419335806169225e-03
1.456873176333173259e-02,2.152095865944275710e-01,-8.314450803505213372e-02
1.173769203131297401e-01,7.674235177414532316e-01,8.680908769991531049e-01
8.121658594273328813e-02,9.984135585909075239e-01,1.054899512518822524e+00
3.896120158793051624e-01,9.052027659330403875e-01,8.093767154312919709e-01
1.885776034994678385e-01,4.408721998222908667e-01,-4.615129705246348579e-02
8.448118190062035016e-01,5.952697806732561991e-01,-4.403619312799522678e-02
4.621580966913571009e-01,5.126497467571176081e-01,9.836874993787150245e-01
5.738855268923473973e-01,4.403192075855931753e-01,1.058118494431071976e+00
1.935589577238104875e-01,1.139657614591863544e-01,-6.146409249169097061e-02
1.512279273701480076e-01,5.249096385313389845e-02,1.203424280078300990e-02
5.586764110636315284e-01,8.477210140360106339e-01,-1.217846050759177623e-01
3.591193389241107425e-01,7.531087263581781599e-02,5.769209257769410820e-03
4.257244119851162356e-01,6.020078384720013442e-01,1.060835537669155171e+00
4.254034655756375738e-01,8.107212336073700287e-01,9.648308123876422338e-01
9.418862461867052449e-01,8.699107732683544203e-01,3.686656929958845308e-02
7.039994982798885026e-01,4.702989247821752761e-01,1.010463232334045225e+00
6.826980429032513120e-01,1.341831055652953353e-02,9.655710850719702032e-01
9.824781185020439178e-01,1.720773318288959519e-01,9.939182525464486107e-01
9.062603959616818416e-01,8.071099016661060777e-01,-1.950208766390849544e-02
8.001396843869876818e-01,2.689360577850649081e-01,8.025752237362048236e-01
2.191538057572580689e-01,4.288006929140887324e-01,-1.499162861778360056e-01
8.493711007306549154e-01,4.503796424717202429e-01,1.043285222737829310e+00
9.354201140070618203e-01,3.526793272517380062e-01,7.911652958315624762e-01
6.193921656967597000e-01,9.806990363557801516e-01,1.158381794998442765e-01
6.434625222408049128e-01,4.549821604060377833e-02,8.590028862028036283e-01
4.635570909517118254e-01,3.347513437136637737e-01,3.052528789112136844e-03
5.321815485216746522e-01,2.847462086131313796e-01,1.047213591590116621e+00
1.222612302300027931e-01,6.682889887508017823e-01,9.363264975809376667e-01
6.813597548913062907e-01,8.671392999990884531e-01,1.162588546776033988e-01
1.323814935627374290e-01,7.986203082780309881e-01,8.629146451211617830e-01
8.267687384051289889e-01,6.465499357511519385e-01,9.067663773284978523e-02
2.049221457806338353e-01,2.614207144058379173e-01,1.485565492839261217e-02
4.184968175391756695e-01,5.417990727827313169e-01,9.848814178119409402e-01
4.774379555922170226e-01,4.674598920453694184e-01,1.011695945766890870e-01
8.398407101976673728e-01,8.701023653075676823e-01,5.392538227271283235e-02
8.167539643767667279e-01,8.778014186346996262e-01,-1.204477436574898502e-01
5.710087619370730616e-01,9.640361333390817800e-01,1.411810606378787469e-01
6.065443482504676576e-01,6.039477410796814105e-01,1.003996403322674480e-01
3.192977370746188370e-01,6.812041841170189960e-01,1.010380768108867233e+00
5.196568850536098516e-02,1.345464210119422521e-01,1.496875287727183340e-02
1.302421675727650774e-01,6.552012872247356956e-01,1.133623671800350730e+00
1.753325917713383086e-01,3.411468232515472154e-01,1.658172254256544687e-01
4.431165583310459066e-02,2.337343601165106088e-01,6.126584867054991890e-02
9.642243248492941010e-01,5.091394025163676895e-01,-1.162621434386023334e-01
1.510745184714319400e-01,5.230085317344642659e-01,1.012025014650600907e+00
9.435093839110807457e-01,8.656860140063340481e-01,8.200199055267631820e-02
3.920658689303868627e-01,2.838675159734026510e-01,-8.344983354558087318e-02
7.617298626927417882e-01,2.404843248030877900e-01,8.794133088174059809e-01
2.542323546573523885e-01,8.408635417992949002e-02,5.778391705293282020e-04
8.641440947640268710e-01,4.478989156202798361e-01,1.011236384565475044e+00
5.617862606099736089e-01,7.367109576935199078e-01,3.778297912979604323e-02
7.964888671311955992e-01,4.475081389903138307e-01,1.123029934481643677e+00
1.841275561757983459e-01,8.287328515283017838e-01,7.817574600490834191e-01
3.099795982825581664e-02,9.467282696079524218e-01,1.009986144802354602e+00
